<?xml version="1.0" encoding="UTF-8" ?>
<XMLDB PATH="mod/zoom/db" VERSION="20200527" COMMENT="Zoom module"
    xmlns:xsi="http://www.w3.org/2001/XMLSchema-instance"
    xsi:noNamespaceSchemaLocation="../../../lib/xmldb/xmldb.xsd"
>
  <TABLES>
    <TABLE NAME="zoom" COMMENT="Zoom meetings and webinars">
      <FIELDS>
        <FIELD NAME="id" TYPE="int" LENGTH="10" NOTNULL="true" SEQUENCE="true"/>
        <FIELD NAME="course" TYPE="int" LENGTH="10" NOTNULL="true" SEQUENCE="false" COMMENT="Moodle course that this meeting belongs to."/>
        <FIELD NAME="intro" TYPE="text" NOTNULL="false" SEQUENCE="false"/>
        <FIELD NAME="introformat" TYPE="int" LENGTH="4" NOTNULL="false" SEQUENCE="false" COMMENT="Format of description field"/>
        <FIELD NAME="grade" TYPE="int" LENGTH="10" NOTNULL="false" SEQUENCE="false" COMMENT="Maximum grade (points possible) for this activity. Negative value indicates a scale being used."/>
        <FIELD NAME="meeting_id" TYPE="int" LENGTH="15" NOTNULL="true" SEQUENCE="false"/>
        <FIELD NAME="start_url" TYPE="text" NOTNULL="false" SEQUENCE="false"/>
        <FIELD NAME="join_url" TYPE="text" NOTNULL="false" SEQUENCE="false"/>
        <FIELD NAME="created_at" TYPE="char" LENGTH="20" NOTNULL="false" SEQUENCE="false" COMMENT="ISO datetime format"/>
        <FIELD NAME="host_id" TYPE="char" LENGTH="30" NOTNULL="true" SEQUENCE="false" COMMENT="Meeting host user ID. Can be any user under this account. Cannot be updated after creation."/>
        <FIELD NAME="name" TYPE="char" LENGTH="300" NOTNULL="true" SEQUENCE="false" COMMENT="Meeting topic. Max of 300 characters."/>
        <FIELD NAME="start_time" TYPE="int" LENGTH="12" NOTNULL="false" SEQUENCE="false" COMMENT="Meeting start time (Unix timestamp, seconds). For scheduled meeting only."/>
        <FIELD NAME="timemodified" TYPE="int" LENGTH="12" NOTNULL="false" SEQUENCE="false" COMMENT="Timestamp when the instance was last modified."/>
        <FIELD NAME="recurring" TYPE="int" LENGTH="1" NOTNULL="false" DEFAULT="0" SEQUENCE="false" COMMENT="Is the meeting or webinar recurring?"/>
        <FIELD NAME="webinar" TYPE="int" LENGTH="1" NOTNULL="false" DEFAULT="0" SEQUENCE="false" COMMENT="Is this a webinar?"/>
        <FIELD NAME="duration" TYPE="int" LENGTH="6" NOTNULL="false" SEQUENCE="false" COMMENT="Meeting duration (seconds). For scheduled meeting only."/>
        <FIELD NAME="timezone" TYPE="char" LENGTH="50" NOTNULL="false" SEQUENCE="false" COMMENT="Timezone to format start_time, like &quot;America/Los_Angeles&quot;. For scheduled meeting only."/>
        <FIELD NAME="password" TYPE="char" LENGTH="10" NOTNULL="false" SEQUENCE="false" COMMENT="Meeting password. Password may only contain the following characters: [a-zA-Z0-9@-_*]. Max of 10 characters"/>
        <FIELD NAME="option_jbh" TYPE="int" LENGTH="1" NOTNULL="false" DEFAULT="0" SEQUENCE="false" COMMENT="Join meeting before host start the meeting."/>
        <FIELD NAME="option_start_type" TYPE="char" LENGTH="12" NOTNULL="false" SEQUENCE="false" COMMENT="Meeting start type. Can be &quot;video&quot; or &quot;screen_share&quot;. (deprecated)"/>
        <FIELD NAME="option_host_video" TYPE="int" LENGTH="1" NOTNULL="false" DEFAULT="1" SEQUENCE="false" COMMENT="Start video when host joins meeting."/>
        <FIELD NAME="option_participants_video" TYPE="int" LENGTH="1" NOTNULL="false" DEFAULT="1" SEQUENCE="false" COMMENT="Start video when participants join meeting."/>
        <FIELD NAME="option_audio" TYPE="char" LENGTH="9" NOTNULL="false" DEFAULT="both" SEQUENCE="false" COMMENT="Meeting audio options. Can be &quot;both&quot;, &quot;telephony&quot;, &quot;voip&quot;."/>
        <FIELD NAME="option_mute_upon_entry" TYPE="int" LENGTH="1" NOTNULL="false" DEFAULT="0" SEQUENCE="false"/>
        <FIELD NAME="option_waiting_room" TYPE="int" LENGTH="1" NOTNULL="false" DEFAULT="1" SEQUENCE="false"/>
        <FIELD NAME="option_authenticated_users" TYPE="int" LENGTH="1" NOTNULL="false" DEFAULT="0" SEQUENCE="false"/>
        <FIELD NAME="exists_on_zoom" TYPE="int" LENGTH="1" NOTNULL="true" DEFAULT="1" SEQUENCE="false" COMMENT="Whether the meeting can be found on Zoom servers. Usually should be true, should only be false if API call returned that meeting can't be found."/>
        <FIELD NAME="alternative_hosts" TYPE="text" NOTNULL="false" SEQUENCE="false"/>
      </FIELDS>
      <KEYS>
        <KEY NAME="primary" TYPE="primary" FIELDS="id"/>
      </KEYS>
      <INDEXES>
        <INDEX NAME="meeting_id_idx" UNIQUE="false" FIELDS="meeting_id"/>
      </INDEXES>
    </TABLE>
    <TABLE NAME="zoom_meeting_details" COMMENT="A queue for the Cron to add meeting report info to zoom_meetings_participants table.">
      <FIELDS>
        <FIELD NAME="uuid" TYPE="char" LENGTH="30" NOTNULL="true" SEQUENCE="false" COMMENT="The meeting UUID or webinar UUID per Zoom API."/>
        <FIELD NAME="meeting_id" TYPE="int" LENGTH="15" NOTNULL="true" SEQUENCE="false" COMMENT="The meeting_id or webinar_id per Zoom API."/>
        <FIELD NAME="end_time" TYPE="int" LENGTH="12" NOTNULL="true" SEQUENCE="false" COMMENT="When the meeting ended/will end"/>
        <FIELD NAME="id" TYPE="int" LENGTH="10" NOTNULL="true" SEQUENCE="true" COMMENT="This field exists only because Moodle requires us to have a unique 'id' field. Other than that it's useless."/>
        <FIELD NAME="start_time" TYPE="int" LENGTH="12" NOTNULL="true" SEQUENCE="false"/>
        <FIELD NAME="duration" TYPE="int" LENGTH="12" NOTNULL="true" SEQUENCE="false"/>
        <FIELD NAME="topic" TYPE="char" LENGTH="300" NOTNULL="true" SEQUENCE="false"/>
        <FIELD NAME="total_minutes" TYPE="int" LENGTH="12" NOTNULL="false" DEFAULT="0" SEQUENCE="false" COMMENT="Total duration that the meeting actually lasted"/>
        <FIELD NAME="participants_count" TYPE="int" LENGTH="4" NOTNULL="false" DEFAULT="0" SEQUENCE="false" COMMENT="Number of participants that attended the meeting. Max number of participants is 100 so 4 digits a bit of overkill."/>
        <FIELD NAME="zoomid" TYPE="int" LENGTH="10" NOTNULL="true" SEQUENCE="false" COMMENT="link to mdl_zoom table"/>
      </FIELDS>
      <KEYS>
        <KEY NAME="id_primary" TYPE="primary" FIELDS="id" COMMENT="Moodle forces us to use id as a primary key. Most database actions will be performed using meeting_webinar_instance_id."/>
        <KEY NAME="meeting_unique" TYPE="unique" FIELDS="meeting_id, uuid"/>
        <KEY NAME="zoomid_foreign" TYPE="foreign" FIELDS="zoomid" REFTABLE="zoom" REFFIELDS="id"/>
      </KEYS>
    </TABLE>
    <TABLE NAME="zoom_meeting_participants" COMMENT="A list of each meeting existing on Moodle and when its participants entered/left.">
      <FIELDS>
        <FIELD NAME="id" TYPE="int" LENGTH="10" NOTNULL="true" SEQUENCE="true" COMMENT="This field exists only because Moodle requires us to have a unique 'id' field. Other than that it's useless."/>
        <FIELD NAME="userid" TYPE="int" LENGTH="10" NOTNULL="false" SEQUENCE="false" COMMENT="The user id from moodle"/>
        <FIELD NAME="zoomuserid" TYPE="char" LENGTH="35" NOTNULL="true" SEQUENCE="false" COMMENT="The user_id per Zoom API"/>
        <FIELD NAME="uuid" TYPE="char" LENGTH="30" NOTNULL="false" SEQUENCE="false" COMMENT="The participant UUID per Zoom API."/>
        <FIELD NAME="user_email" TYPE="text" NOTNULL="false" SEQUENCE="false" COMMENT="The particpant's email per Zoom API."/>
        <FIELD NAME="join_time" TYPE="int" LENGTH="12" NOTNULL="true" SEQUENCE="false" COMMENT="When the particpant joined the meeting."/>
        <FIELD NAME="leave_time" TYPE="int" LENGTH="12" NOTNULL="true" SEQUENCE="false" COMMENT="When the participant left the meeting."/>
        <FIELD NAME="duration" TYPE="int" LENGTH="12" NOTNULL="true" SEQUENCE="false" COMMENT="The time for which the participant was in the meeting."/>
        <FIELD NAME="name" TYPE="char" LENGTH="255" NOTNULL="true" SEQUENCE="false" COMMENT="user's name"/>
        <FIELD NAME="detailsid" TYPE="int" LENGTH="10" NOTNULL="true" SEQUENCE="false" COMMENT="link to zoom_meeting_details table"/>
      </FIELDS>
      <KEYS>
        <KEY NAME="id_primary" TYPE="primary" FIELDS="id" COMMENT="Moodle forces us to use id as a primary key. Most database actions will be performed using participant_universal_id."/>
        <KEY NAME="detailsid_foreign" TYPE="foreign" FIELDS="detailsid" REFTABLE="zoom_meeting_details" REFFIELDS="id" COMMENT="there is no index built on this because making it a foreign key does that automatically"/>
      </KEYS>
      <INDEXES>
        <INDEX NAME="userid" UNIQUE="false" FIELDS="userid"/>
      </INDEXES>
    </TABLE>
  </TABLES>
</XMLDB>